{
    "accuracy": 0.6387386019805674,
    "loss": 5.552973997592926
}