{
    "accuracy": 0.6278895348951447,
    "loss": 5.830188062301902
}